date,store,item,sales
01-01-2016,1,2,33
02-01-2016,1,2,43
03-01-2016,1,2,23
04-01-2016,1,2,18
05-01-2016,1,2,34
06-01-2016,1,2,38
07-01-2016,1,2,27
08-01-2016,1,2,28
09-01-2016,1,2,34
10-01-2016,1,2,27
11-01-2016,1,2,28
12-01-2016,1,2,39
13-01-2016,1,2,28
14-01-2016,1,2,30
15-01-2016,1,2,27
16-01-2016,1,2,19
17-01-2016,1,2,29
18-01-2016,1,2,29
19-01-2016,1,2,44
20-01-2016,1,2,34
21-01-2016,1,2,15
22-01-2016,1,2,29
23-01-2016,1,2,21
24-01-2016,1,2,33
25-01-2016,1,2,29
26-01-2016,1,2,33
27-01-2016,1,2,32
28-01-2016,1,2,16
29-01-2016,1,2,35
30-01-2016,1,2,29
31-01-2016,1,2,27
01-02-2016,1,2,30
02-02-2016,1,2,26
03-02-2016,1,2,39
04-02-2016,1,2,30
05-02-2016,1,2,34
06-02-2016,1,2,22
07-02-2016,1,2,42
08-02-2016,1,2,27
09-02-2016,1,2,28
10-02-2016,1,2,34
11-02-2016,1,2,25
12-02-2016,1,2,39
13-02-2016,1,2,17
14-02-2016,1,2,35
15-02-2016,1,2,34
16-02-2016,1,2,39
17-02-2016,1,2,46
18-02-2016,1,2,31
19-02-2016,1,2,30
20-02-2016,1,2,24
21-02-2016,1,2,31
22-02-2016,1,2,40
23-02-2016,1,2,37
24-02-2016,1,2,33
25-02-2016,1,2,13
26-02-2016,1,2,33
27-02-2016,1,2,19
28-02-2016,1,2,35
01-03-2016,1,2,42
02-03-2016,1,2,49
03-03-2016,1,2,49
04-03-2016,1,2,33
05-03-2016,1,2,42
06-03-2016,1,2,43
07-03-2016,1,2,48
08-03-2016,1,2,43
09-03-2016,1,2,43
10-03-2016,1,2,43
11-03-2016,1,2,34
12-03-2016,1,2,30
13-03-2016,1,2,36
14-03-2016,1,2,44
15-03-2016,1,2,52
16-03-2016,1,2,58
17-03-2016,1,2,46
18-03-2016,1,2,37
19-03-2016,1,2,48
20-03-2016,1,2,43
21-03-2016,1,2,43
22-03-2016,1,2,30
23-03-2016,1,2,51
24-03-2016,1,2,40
25-03-2016,1,2,34
26-03-2016,1,2,27
27-03-2016,1,2,33
28-03-2016,1,2,38
29-03-2016,1,2,45
30-03-2016,1,2,51
31-03-2016,1,2,44
01-04-2016,1,2,40
02-04-2016,1,2,44
03-04-2016,1,2,40
04-04-2016,1,2,53
05-04-2016,1,2,45
06-04-2016,1,2,46
07-04-2016,1,2,57
08-04-2016,1,2,44
09-04-2016,1,2,31
10-04-2016,1,2,49
11-04-2016,1,2,41
12-04-2016,1,2,53
13-04-2016,1,2,50
14-04-2016,1,2,53
15-04-2016,1,2,28
16-04-2016,1,2,45
17-04-2016,1,2,45
18-04-2016,1,2,45
19-04-2016,1,2,58
20-04-2016,1,2,26
21-04-2016,1,2,48
22-04-2016,1,2,27
23-04-2016,1,2,38
24-04-2016,1,2,40
25-04-2016,1,2,51
26-04-2016,1,2,48
27-04-2016,1,2,42
28-04-2016,1,2,53
29-04-2016,1,2,36
30-04-2016,1,2,40
01-05-2016,1,2,51
02-05-2016,1,2,54
03-05-2016,1,2,49
04-05-2016,1,2,49
05-05-2016,1,2,60
06-05-2016,1,2,38
07-05-2016,1,2,43
08-05-2016,1,2,45
09-05-2016,1,2,46
10-05-2016,1,2,58
11-05-2016,1,2,63
12-05-2016,1,2,53
13-05-2016,1,2,49
14-05-2016,1,2,35
15-05-2016,1,2,43
16-05-2016,1,2,49
17-05-2016,1,2,45
18-05-2016,1,2,53
19-05-2016,1,2,53
20-05-2016,1,2,38
21-05-2016,1,2,53
22-05-2016,1,2,38
23-05-2016,1,2,69
24-05-2016,1,2,48
25-05-2016,1,2,45
26-05-2016,1,2,64
27-05-2016,1,2,38
28-05-2016,1,2,48
29-05-2016,1,2,44
30-05-2016,1,2,48
31-05-2016,1,2,58
01-06-2016,1,2,55
02-06-2016,1,2,51
03-06-2016,1,2,43
04-06-2016,1,2,41
05-06-2016,1,2,67
06-06-2016,1,2,43
07-06-2016,1,2,69
08-06-2016,1,2,52
09-06-2016,1,2,65
10-06-2016,1,2,48
11-06-2016,1,2,49
12-06-2016,1,2,56
13-06-2016,1,2,57
14-06-2016,1,2,58
15-06-2016,1,2,52
16-06-2016,1,2,52
17-06-2016,1,2,55
18-06-2016,1,2,45
19-06-2016,1,2,48
20-06-2016,1,2,44
21-06-2016,1,2,47
22-06-2016,1,2,60
23-06-2016,1,2,55
24-06-2016,1,2,60
25-06-2016,1,2,50
26-06-2016,1,2,69
27-06-2016,1,2,64
28-06-2016,1,2,71
29-06-2016,1,2,56
30-06-2016,1,2,61
01-07-2016,1,2,46
02-07-2016,1,2,48
03-07-2016,1,2,57
04-07-2016,1,2,50
05-07-2016,1,2,58
06-07-2016,1,2,73
07-07-2016,1,2,52
08-07-2016,1,2,47
09-07-2016,1,2,49
10-07-2016,1,2,56
11-07-2016,1,2,54
12-07-2016,1,2,46
13-07-2016,1,2,62
14-07-2016,1,2,82
15-07-2016,1,2,39
16-07-2016,1,2,57
17-07-2016,1,2,55
18-07-2016,1,2,58
19-07-2016,1,2,57
20-07-2016,1,2,78
21-07-2016,1,2,62
22-07-2016,1,2,45
23-07-2016,1,2,51
24-07-2016,1,2,47
25-07-2016,1,2,57
26-07-2016,1,2,68
27-07-2016,1,2,67
28-07-2016,1,2,74
29-07-2016,1,2,40
30-07-2016,1,2,60
31-07-2016,1,2,48
01-08-2016,1,2,53
02-08-2016,1,2,53
03-08-2016,1,2,62
04-08-2016,1,2,55
05-08-2016,1,2,47
06-08-2016,1,2,60
07-08-2016,1,2,41
08-08-2016,1,2,54
09-08-2016,1,2,69
10-08-2016,1,2,53
11-08-2016,1,2,64
12-08-2016,1,2,36
13-08-2016,1,2,42
14-08-2016,1,2,40
15-08-2016,1,2,45
16-08-2016,1,2,47
17-08-2016,1,2,60
18-08-2016,1,2,60
19-08-2016,1,2,39
20-08-2016,1,2,48
21-08-2016,1,2,52
22-08-2016,1,2,44
23-08-2016,1,2,44
24-08-2016,1,2,64
25-08-2016,1,2,54
26-08-2016,1,2,37
27-08-2016,1,2,55
28-08-2016,1,2,49
29-08-2016,1,2,48
30-08-2016,1,2,56
31-08-2016,1,2,60
01-09-2016,1,2,42
02-09-2016,1,2,38
03-09-2016,1,2,45
04-09-2016,1,2,42
05-09-2016,1,2,45
06-09-2016,1,2,43
07-09-2016,1,2,60
08-09-2016,1,2,44
09-09-2016,1,2,36
10-09-2016,1,2,40
11-09-2016,1,2,47
12-09-2016,1,2,59
13-09-2016,1,2,50
14-09-2016,1,2,44
15-09-2016,1,2,46
16-09-2016,1,2,34
17-09-2016,1,2,43
18-09-2016,1,2,47
19-09-2016,1,2,47
20-09-2016,1,2,44
21-09-2016,1,2,56
22-09-2016,1,2,60
23-09-2016,1,2,39
24-09-2016,1,2,40
25-09-2016,1,2,39
26-09-2016,1,2,47
27-09-2016,1,2,54
28-09-2016,1,2,44
29-09-2016,1,2,56
30-09-2016,1,2,22
01-10-2016,1,2,36
02-10-2016,1,2,44
03-10-2016,1,2,31
04-10-2016,1,2,38
05-10-2016,1,2,52
06-10-2016,1,2,42
07-10-2016,1,2,40
08-10-2016,1,2,30
09-10-2016,1,2,45
10-10-2016,1,2,58
11-10-2016,1,2,45
12-10-2016,1,2,43
13-10-2016,1,2,53
14-10-2016,1,2,44
15-10-2016,1,2,32
16-10-2016,1,2,40
17-10-2016,1,2,51
18-10-2016,1,2,38
19-10-2016,1,2,46
20-10-2016,1,2,57
21-10-2016,1,2,33
22-10-2016,1,2,49
23-10-2016,1,2,45
24-10-2016,1,2,43
25-10-2016,1,2,32
26-10-2016,1,2,52
27-10-2016,1,2,54
28-10-2016,1,2,38
29-10-2016,1,2,34
30-10-2016,1,2,41
31-10-2016,1,2,44
01-11-2016,1,2,51
02-11-2016,1,2,50
03-11-2016,1,2,52
04-11-2016,1,2,32
05-11-2016,1,2,40
06-11-2016,1,2,41
07-11-2016,1,2,47
08-11-2016,1,2,43
09-11-2016,1,2,53
10-11-2016,1,2,68
11-11-2016,1,2,40
12-11-2016,1,2,41
13-11-2016,1,2,40
14-11-2016,1,2,53
15-11-2016,1,2,60
16-11-2016,1,2,54
17-11-2016,1,2,46
18-11-2016,1,2,24
19-11-2016,1,2,47
20-11-2016,1,2,40
21-11-2016,1,2,46
22-11-2016,1,2,53
23-11-2016,1,2,49
24-11-2016,1,2,63
25-11-2016,1,2,30
26-11-2016,1,2,55
27-11-2016,1,2,49
28-11-2016,1,2,54
29-11-2016,1,2,50
30-11-2016,1,2,56
01-12-2016,1,2,42
02-12-2016,1,2,31
03-12-2016,1,2,24
04-12-2016,1,2,31
05-12-2016,1,2,24
06-12-2016,1,2,33
07-12-2016,1,2,33
08-12-2016,1,2,43
09-12-2016,1,2,24
10-12-2016,1,2,24
11-12-2016,1,2,21
12-12-2016,1,2,32
13-12-2016,1,2,36
14-12-2016,1,2,40
15-12-2016,1,2,50
16-12-2016,1,2,19
17-12-2016,1,2,28
18-12-2016,1,2,38
19-12-2016,1,2,30
20-12-2016,1,2,30
21-12-2016,1,2,38
22-12-2016,1,2,37
23-12-2016,1,2,29
24-12-2016,1,2,24
25-12-2016,1,2,38
26-12-2016,1,2,48
27-12-2016,1,2,40
28-12-2016,1,2,32
29-12-2016,1,2,46
30-12-2016,1,2,28
31-12-2016,1,2,30
01-01-2017,1,2,33
02-01-2017,1,2,37
03-01-2017,1,2,52
04-01-2017,1,2,33
05-01-2017,1,2,49
06-01-2017,1,2,29
07-01-2017,1,2,46
08-01-2017,1,2,35
09-01-2017,1,2,44
10-01-2017,1,2,41
11-01-2017,1,2,39
12-01-2017,1,2,34
13-01-2017,1,2,22
14-01-2017,1,2,34
15-01-2017,1,2,33
16-01-2017,1,2,33
17-01-2017,1,2,31
18-01-2017,1,2,52
19-01-2017,1,2,41
20-01-2017,1,2,28
21-01-2017,1,2,25
22-01-2017,1,2,35
23-01-2017,1,2,34
24-01-2017,1,2,42
25-01-2017,1,2,27
26-01-2017,1,2,43
27-01-2017,1,2,19
28-01-2017,1,2,39
29-01-2017,1,2,29
30-01-2017,1,2,37
31-01-2017,1,2,40
01-02-2017,1,2,43
02-02-2017,1,2,51
03-02-2017,1,2,24
04-02-2017,1,2,27
05-02-2017,1,2,40
06-02-2017,1,2,43
07-02-2017,1,2,46
08-02-2017,1,2,43
09-02-2017,1,2,41
10-02-2017,1,2,35
11-02-2017,1,2,30
12-02-2017,1,2,43
13-02-2017,1,2,40
14-02-2017,1,2,41
15-02-2017,1,2,44
16-02-2017,1,2,48
17-02-2017,1,2,37
18-02-2017,1,2,42
19-02-2017,1,2,28
20-02-2017,1,2,46
21-02-2017,1,2,35
22-02-2017,1,2,42
23-02-2017,1,2,47
24-02-2017,1,2,39
25-02-2017,1,2,36
26-02-2017,1,2,44
27-02-2017,1,2,47
28-02-2017,1,2,53
01-03-2017,1,2,45
02-03-2017,1,2,60
03-03-2017,1,2,44
04-03-2017,1,2,38
05-03-2017,1,2,38
06-03-2017,1,2,46
07-03-2017,1,2,45
08-03-2017,1,2,49
09-03-2017,1,2,57
10-03-2017,1,2,44
11-03-2017,1,2,36
12-03-2017,1,2,42
13-03-2017,1,2,43
14-03-2017,1,2,52
15-03-2017,1,2,55
16-03-2017,1,2,53
17-03-2017,1,2,33
18-03-2017,1,2,47
19-03-2017,1,2,47
20-03-2017,1,2,36
21-03-2017,1,2,50
22-03-2017,1,2,46
23-03-2017,1,2,44
24-03-2017,1,2,28
25-03-2017,1,2,38
26-03-2017,1,2,44
27-03-2017,1,2,41
28-03-2017,1,2,43
29-03-2017,1,2,49
30-03-2017,1,2,70
31-03-2017,1,2,43
01-04-2017,1,2,51
02-04-2017,1,2,48
03-04-2017,1,2,48
04-04-2017,1,2,65
05-04-2017,1,2,47
06-04-2017,1,2,74
07-04-2017,1,2,30
08-04-2017,1,2,61
09-04-2017,1,2,45
10-04-2017,1,2,60
11-04-2017,1,2,68
12-04-2017,1,2,73
13-04-2017,1,2,73
14-04-2017,1,2,47
15-04-2017,1,2,42
16-04-2017,1,2,52
17-04-2017,1,2,41
18-04-2017,1,2,50
19-04-2017,1,2,63
20-04-2017,1,2,87
21-04-2017,1,2,36
22-04-2017,1,2,59
23-04-2017,1,2,59
24-04-2017,1,2,46
25-04-2017,1,2,67
26-04-2017,1,2,61
27-04-2017,1,2,69
28-04-2017,1,2,29
29-04-2017,1,2,48
30-04-2017,1,2,46
01-05-2017,1,2,46
02-05-2017,1,2,74
03-05-2017,1,2,65
04-05-2017,1,2,82
05-05-2017,1,2,39
06-05-2017,1,2,63
07-05-2017,1,2,61
08-05-2017,1,2,60
09-05-2017,1,2,66
10-05-2017,1,2,67
11-05-2017,1,2,78
12-05-2017,1,2,47
13-05-2017,1,2,53
14-05-2017,1,2,52
15-05-2017,1,2,50
16-05-2017,1,2,56
17-05-2017,1,2,71
18-05-2017,1,2,77
19-05-2017,1,2,49
20-05-2017,1,2,62
21-05-2017,1,2,55
22-05-2017,1,2,59
23-05-2017,1,2,57
24-05-2017,1,2,61
25-05-2017,1,2,88
26-05-2017,1,2,43
27-05-2017,1,2,51
28-05-2017,1,2,60
29-05-2017,1,2,51
30-05-2017,1,2,67
31-05-2017,1,2,60
01-06-2017,1,2,76
02-06-2017,1,2,48
03-06-2017,1,2,53
04-06-2017,1,2,63
05-06-2017,1,2,55
06-06-2017,1,2,77
07-06-2017,1,2,62
08-06-2017,1,2,75
09-06-2017,1,2,50
10-06-2017,1,2,57
11-06-2017,1,2,55
12-06-2017,1,2,69
13-06-2017,1,2,69
14-06-2017,1,2,61
15-06-2017,1,2,64
16-06-2017,1,2,48
17-06-2017,1,2,69
18-06-2017,1,2,61
19-06-2017,1,2,48
20-06-2017,1,2,55
21-06-2017,1,2,70
22-06-2017,1,2,59
23-06-2017,1,2,58
24-06-2017,1,2,66
25-06-2017,1,2,58
26-06-2017,1,2,64
27-06-2017,1,2,74
28-06-2017,1,2,70
29-06-2017,1,2,64
30-06-2017,1,2,51
01-07-2017,1,2,61
02-07-2017,1,2,59
03-07-2017,1,2,68
04-07-2017,1,2,56
05-07-2017,1,2,58
06-07-2017,1,2,77
07-07-2017,1,2,38
08-07-2017,1,2,56
09-07-2017,1,2,58
10-07-2017,1,2,55
11-07-2017,1,2,58
12-07-2017,1,2,73
13-07-2017,1,2,102
14-07-2017,1,2,52
15-07-2017,1,2,61
16-07-2017,1,2,53
17-07-2017,1,2,73
18-07-2017,1,2,71
19-07-2017,1,2,72
20-07-2017,1,2,75
21-07-2017,1,2,70
22-07-2017,1,2,71
23-07-2017,1,2,66
24-07-2017,1,2,65
25-07-2017,1,2,74
26-07-2017,1,2,73
27-07-2017,1,2,92
28-07-2017,1,2,48
29-07-2017,1,2,71
30-07-2017,1,2,64
31-07-2017,1,2,69
01-08-2017,1,2,66
02-08-2017,1,2,71
03-08-2017,1,2,86
04-08-2017,1,2,50
05-08-2017,1,2,48
06-08-2017,1,2,48
07-08-2017,1,2,63
08-08-2017,1,2,49
09-08-2017,1,2,63
10-08-2017,1,2,64
11-08-2017,1,2,56
12-08-2017,1,2,57
13-08-2017,1,2,47
14-08-2017,1,2,47
15-08-2017,1,2,62
16-08-2017,1,2,52
17-08-2017,1,2,57
18-08-2017,1,2,53
19-08-2017,1,2,56
20-08-2017,1,2,51
21-08-2017,1,2,55
22-08-2017,1,2,63
23-08-2017,1,2,71
24-08-2017,1,2,75
25-08-2017,1,2,38
26-08-2017,1,2,56
27-08-2017,1,2,70
28-08-2017,1,2,53
29-08-2017,1,2,67
30-08-2017,1,2,58
31-08-2017,1,2,71
01-09-2017,1,2,43
02-09-2017,1,2,49
03-09-2017,1,2,46
04-09-2017,1,2,45
05-09-2017,1,2,57
06-09-2017,1,2,59
07-09-2017,1,2,63
08-09-2017,1,2,49
09-09-2017,1,2,41
10-09-2017,1,2,46
11-09-2017,1,2,56
12-09-2017,1,2,42
13-09-2017,1,2,57
14-09-2017,1,2,61
15-09-2017,1,2,32
16-09-2017,1,2,51
17-09-2017,1,2,54
18-09-2017,1,2,46
19-09-2017,1,2,71
20-09-2017,1,2,58
21-09-2017,1,2,50
22-09-2017,1,2,40
23-09-2017,1,2,35
24-09-2017,1,2,54
25-09-2017,1,2,58
26-09-2017,1,2,63
27-09-2017,1,2,64
28-09-2017,1,2,51
29-09-2017,1,2,51
30-09-2017,1,2,47
01-10-2017,1,2,37
02-10-2017,1,2,46
03-10-2017,1,2,55
04-10-2017,1,2,59
05-10-2017,1,2,70
06-10-2017,1,2,40
07-10-2017,1,2,45
08-10-2017,1,2,45
09-10-2017,1,2,43
10-10-2017,1,2,51
11-10-2017,1,2,61
12-10-2017,1,2,52
13-10-2017,1,2,34
14-10-2017,1,2,43
15-10-2017,1,2,35
16-10-2017,1,2,44
17-10-2017,1,2,43
18-10-2017,1,2,46
19-10-2017,1,2,49
20-10-2017,1,2,42
21-10-2017,1,2,55
22-10-2017,1,2,43
23-10-2017,1,2,34
24-10-2017,1,2,63
25-10-2017,1,2,69
26-10-2017,1,2,70
27-10-2017,1,2,41
28-10-2017,1,2,41
29-10-2017,1,2,43
30-10-2017,1,2,46
31-10-2017,1,2,61
01-11-2017,1,2,50
02-11-2017,1,2,63
03-11-2017,1,2,38
04-11-2017,1,2,58
05-11-2017,1,2,62
06-11-2017,1,2,51
07-11-2017,1,2,48
08-11-2017,1,2,65
09-11-2017,1,2,59
10-11-2017,1,2,46
11-11-2017,1,2,47
12-11-2017,1,2,50
13-11-2017,1,2,53
14-11-2017,1,2,51
15-11-2017,1,2,53
16-11-2017,1,2,76
17-11-2017,1,2,43
18-11-2017,1,2,61
19-11-2017,1,2,50
20-11-2017,1,2,56
21-11-2017,1,2,53
22-11-2017,1,2,60
23-11-2017,1,2,57
24-11-2017,1,2,42
25-11-2017,1,2,48
26-11-2017,1,2,48
27-11-2017,1,2,53
28-11-2017,1,2,52
29-11-2017,1,2,50
30-11-2017,1,2,52
01-12-2017,1,2,36
02-12-2017,1,2,42
03-12-2017,1,2,37
04-12-2017,1,2,47
05-12-2017,1,2,45
06-12-2017,1,2,44
07-12-2017,1,2,49
08-12-2017,1,2,34
09-12-2017,1,2,38
10-12-2017,1,2,33
11-12-2017,1,2,44
12-12-2017,1,2,28
13-12-2017,1,2,34
14-12-2017,1,2,50
15-12-2017,1,2,28
16-12-2017,1,2,43
17-12-2017,1,2,32
18-12-2017,1,2,32
19-12-2017,1,2,38
20-12-2017,1,2,44
21-12-2017,1,2,40
22-12-2017,1,2,27
23-12-2017,1,2,44
24-12-2017,1,2,36
25-12-2017,1,2,36
26-12-2017,1,2,41
27-12-2017,1,2,52
28-12-2017,1,2,42
29-12-2017,1,2,32
30-12-2017,1,2,37
31-12-2017,1,2,46
01-01-2018,1,2,36
02-01-2018,1,2,45
03-01-2018,1,2,41
04-01-2018,1,2,49
05-01-2018,1,2,25
06-01-2018,1,2,27
07-01-2018,1,2,26
08-01-2018,1,2,42
09-01-2018,1,2,39
10-01-2018,1,2,32
11-01-2018,1,2,43
12-01-2018,1,2,17
13-01-2018,1,2,32
14-01-2018,1,2,27
15-01-2018,1,2,34
16-01-2018,1,2,39
17-01-2018,1,2,44
18-01-2018,1,2,33
19-01-2018,1,2,30
20-01-2018,1,2,39
21-01-2018,1,2,41
22-01-2018,1,2,34
23-01-2018,1,2,36
24-01-2018,1,2,47
25-01-2018,1,2,49
26-01-2018,1,2,30
27-01-2018,1,2,36
28-01-2018,1,2,29
29-01-2018,1,2,38
30-01-2018,1,2,34
31-01-2018,1,2,40
01-02-2018,1,2,55
02-02-2018,1,2,33
03-02-2018,1,2,36
04-02-2018,1,2,28
05-02-2018,1,2,38
06-02-2018,1,2,44
07-02-2018,1,2,40
08-02-2018,1,2,50
09-02-2018,1,2,37
10-02-2018,1,2,46
11-02-2018,1,2,34
12-02-2018,1,2,43
13-02-2018,1,2,47
14-02-2018,1,2,45
15-02-2018,1,2,53
16-02-2018,1,2,26
17-02-2018,1,2,47
18-02-2018,1,2,39
19-02-2018,1,2,43
20-02-2018,1,2,30
21-02-2018,1,2,50
22-02-2018,1,2,53
23-02-2018,1,2,33
24-02-2018,1,2,41
25-02-2018,1,2,32
26-02-2018,1,2,39
27-02-2018,1,2,54
28-02-2018,1,2,41
01-03-2018,1,2,57
02-03-2018,1,2,33
03-03-2018,1,2,32
04-03-2018,1,2,39
05-03-2018,1,2,61
06-03-2018,1,2,64
07-03-2018,1,2,65
08-03-2018,1,2,61
09-03-2018,1,2,50
10-03-2018,1,2,55
11-03-2018,1,2,45
12-03-2018,1,2,46
13-03-2018,1,2,50
14-03-2018,1,2,63
15-03-2018,1,2,58
16-03-2018,1,2,48
17-03-2018,1,2,39
18-03-2018,1,2,44
19-03-2018,1,2,33
20-03-2018,1,2,61
21-03-2018,1,2,41
22-03-2018,1,2,60
23-03-2018,1,2,45
24-03-2018,1,2,42
25-03-2018,1,2,46
26-03-2018,1,2,42
27-03-2018,1,2,61
28-03-2018,1,2,65
29-03-2018,1,2,55
30-03-2018,1,2,32
31-03-2018,1,2,43
01-04-2018,1,2,48
02-04-2018,1,2,60
03-04-2018,1,2,47
04-04-2018,1,2,64
05-04-2018,1,2,79
06-04-2018,1,2,55
07-04-2018,1,2,51
08-04-2018,1,2,53
09-04-2018,1,2,61
10-04-2018,1,2,53
11-04-2018,1,2,69
12-04-2018,1,2,61
13-04-2018,1,2,39
14-04-2018,1,2,43
15-04-2018,1,2,41
16-04-2018,1,2,69
17-04-2018,1,2,58
18-04-2018,1,2,60
19-04-2018,1,2,65
20-04-2018,1,2,41
21-04-2018,1,2,56
22-04-2018,1,2,49
23-04-2018,1,2,67
24-04-2018,1,2,61
25-04-2018,1,2,70
26-04-2018,1,2,66
27-04-2018,1,2,40
28-04-2018,1,2,57
29-04-2018,1,2,53
30-04-2018,1,2,64
01-05-2018,1,2,62
02-05-2018,1,2,77
03-05-2018,1,2,85
04-05-2018,1,2,51
05-05-2018,1,2,50
06-05-2018,1,2,60
07-05-2018,1,2,69
08-05-2018,1,2,60
09-05-2018,1,2,61
10-05-2018,1,2,78
11-05-2018,1,2,57
12-05-2018,1,2,57
13-05-2018,1,2,58
14-05-2018,1,2,61
15-05-2018,1,2,59
16-05-2018,1,2,77
17-05-2018,1,2,61
18-05-2018,1,2,50
19-05-2018,1,2,58
20-05-2018,1,2,48
21-05-2018,1,2,60
22-05-2018,1,2,68
23-05-2018,1,2,65
24-05-2018,1,2,81
25-05-2018,1,2,44
26-05-2018,1,2,66
27-05-2018,1,2,57
28-05-2018,1,2,72
29-05-2018,1,2,45
30-05-2018,1,2,65
31-05-2018,1,2,79
01-06-2018,1,2,49
02-06-2018,1,2,55
03-06-2018,1,2,56
04-06-2018,1,2,66
05-06-2018,1,2,65
06-06-2018,1,2,82
07-06-2018,1,2,76
08-06-2018,1,2,44
09-06-2018,1,2,62
10-06-2018,1,2,61
11-06-2018,1,2,38
12-06-2018,1,2,55
13-06-2018,1,2,71
14-06-2018,1,2,76
15-06-2018,1,2,45
16-06-2018,1,2,46
17-06-2018,1,2,78
18-06-2018,1,2,53
19-06-2018,1,2,68
20-06-2018,1,2,71
21-06-2018,1,2,69
22-06-2018,1,2,60
23-06-2018,1,2,50
24-06-2018,1,2,65
25-06-2018,1,2,52
26-06-2018,1,2,48
27-06-2018,1,2,55
28-06-2018,1,2,74
29-06-2018,1,2,67
30-06-2018,1,2,71
01-07-2018,1,2,48
02-07-2018,1,2,65
03-07-2018,1,2,62
04-07-2018,1,2,90
05-07-2018,1,2,84
06-07-2018,1,2,43
07-07-2018,1,2,62
08-07-2018,1,2,57
09-07-2018,1,2,74
10-07-2018,1,2,60
11-07-2018,1,2,67
12-07-2018,1,2,59
13-07-2018,1,2,53
14-07-2018,1,2,54
15-07-2018,1,2,72
16-07-2018,1,2,62
17-07-2018,1,2,76
18-07-2018,1,2,71
19-07-2018,1,2,76
20-07-2018,1,2,41
21-07-2018,1,2,60
22-07-2018,1,2,57
23-07-2018,1,2,44
24-07-2018,1,2,68
25-07-2018,1,2,72
26-07-2018,1,2,65
27-07-2018,1,2,47
28-07-2018,1,2,67
29-07-2018,1,2,53
30-07-2018,1,2,78
31-07-2018,1,2,80
01-08-2018,1,2,64
02-08-2018,1,2,82
03-08-2018,1,2,44
04-08-2018,1,2,58
05-08-2018,1,2,54
06-08-2018,1,2,65
07-08-2018,1,2,74
08-08-2018,1,2,58
09-08-2018,1,2,69
10-08-2018,1,2,45
11-08-2018,1,2,56
12-08-2018,1,2,59
13-08-2018,1,2,63
14-08-2018,1,2,70
15-08-2018,1,2,67
16-08-2018,1,2,66
17-08-2018,1,2,54
18-08-2018,1,2,50
19-08-2018,1,2,62
20-08-2018,1,2,48
21-08-2018,1,2,76
22-08-2018,1,2,75
23-08-2018,1,2,73
24-08-2018,1,2,46
25-08-2018,1,2,54
26-08-2018,1,2,66
27-08-2018,1,2,68
28-08-2018,1,2,73
29-08-2018,1,2,63
30-08-2018,1,2,66
31-08-2018,1,2,47
01-09-2018,1,2,54
02-09-2018,1,2,55
03-09-2018,1,2,49
04-09-2018,1,2,58
05-09-2018,1,2,65
06-09-2018,1,2,67
07-09-2018,1,2,46
08-09-2018,1,2,37
09-09-2018,1,2,44
10-09-2018,1,2,53
11-09-2018,1,2,63
12-09-2018,1,2,74
13-09-2018,1,2,64
14-09-2018,1,2,37
15-09-2018,1,2,42
16-09-2018,1,2,55
17-09-2018,1,2,47
18-09-2018,1,2,68
19-09-2018,1,2,61
20-09-2018,1,2,44
21-09-2018,1,2,43
22-09-2018,1,2,55
23-09-2018,1,2,48
24-09-2018,1,2,50
25-09-2018,1,2,50
26-09-2018,1,2,68
27-09-2018,1,2,67
28-09-2018,1,2,46
29-09-2018,1,2,51
30-09-2018,1,2,64
01-10-2018,1,2,47
02-10-2018,1,2,53
03-10-2018,1,2,66
04-10-2018,1,2,64
05-10-2018,1,2,48
06-10-2018,1,2,39
07-10-2018,1,2,42
08-10-2018,1,2,45
09-10-2018,1,2,56
10-10-2018,1,2,46
11-10-2018,1,2,81
12-10-2018,1,2,38
13-10-2018,1,2,46
14-10-2018,1,2,40
15-10-2018,1,2,59
16-10-2018,1,2,55
17-10-2018,1,2,69
18-10-2018,1,2,71
19-10-2018,1,2,45
20-10-2018,1,2,54
21-10-2018,1,2,46
22-10-2018,1,2,68
23-10-2018,1,2,46
24-10-2018,1,2,62
25-10-2018,1,2,55
26-10-2018,1,2,36
27-10-2018,1,2,50
28-10-2018,1,2,35
29-10-2018,1,2,44
30-10-2018,1,2,59
31-10-2018,1,2,57
01-11-2018,1,2,68
02-11-2018,1,2,42
03-11-2018,1,2,56
04-11-2018,1,2,65
05-11-2018,1,2,54
06-11-2018,1,2,67
07-11-2018,1,2,55
08-11-2018,1,2,68
09-11-2018,1,2,35
10-11-2018,1,2,53
11-11-2018,1,2,58
12-11-2018,1,2,55
13-11-2018,1,2,54
14-11-2018,1,2,51
15-11-2018,1,2,68
16-11-2018,1,2,47
17-11-2018,1,2,52
18-11-2018,1,2,62
19-11-2018,1,2,67
20-11-2018,1,2,51
21-11-2018,1,2,54
22-11-2018,1,2,66
23-11-2018,1,2,44
24-11-2018,1,2,53
25-11-2018,1,2,50
26-11-2018,1,2,60
27-11-2018,1,2,55
28-11-2018,1,2,69
29-11-2018,1,2,62
30-11-2018,1,2,39
01-12-2018,1,2,42
02-12-2018,1,2,32
03-12-2018,1,2,43
04-12-2018,1,2,42
05-12-2018,1,2,50
06-12-2018,1,2,54
07-12-2018,1,2,34
08-12-2018,1,2,38
09-12-2018,1,2,33
10-12-2018,1,2,43
11-12-2018,1,2,37
12-12-2018,1,2,38
13-12-2018,1,2,46
14-12-2018,1,2,23
15-12-2018,1,2,36
16-12-2018,1,2,42
17-12-2018,1,2,37
18-12-2018,1,2,36
19-12-2018,1,2,48
20-12-2018,1,2,47
21-12-2018,1,2,33
22-12-2018,1,2,22
23-12-2018,1,2,41
24-12-2018,1,2,31
25-12-2018,1,2,37
26-12-2018,1,2,59
27-12-2018,1,2,55
28-12-2018,1,2,35
29-12-2018,1,2,43
30-12-2018,1,2,34
31-12-2018,1,2,36
01-01-2019,1,2,32
02-01-2019,1,2,43
03-01-2019,1,2,47
04-01-2019,1,2,22
05-01-2019,1,2,34
06-01-2019,1,2,38
07-01-2019,1,2,45
08-01-2019,1,2,34
09-01-2019,1,2,52
10-01-2019,1,2,44
11-01-2019,1,2,33
12-01-2019,1,2,52
13-01-2019,1,2,36
14-01-2019,1,2,45
15-01-2019,1,2,48
16-01-2019,1,2,35
17-01-2019,1,2,54
18-01-2019,1,2,30
19-01-2019,1,2,23
20-01-2019,1,2,41
21-01-2019,1,2,48
22-01-2019,1,2,48
23-01-2019,1,2,48
24-01-2019,1,2,48
25-01-2019,1,2,38
26-01-2019,1,2,38
27-01-2019,1,2,31
28-01-2019,1,2,35
29-01-2019,1,2,40
30-01-2019,1,2,42
31-01-2019,1,2,44
01-02-2019,1,2,53
02-02-2019,1,2,34
03-02-2019,1,2,52
04-02-2019,1,2,45
05-02-2019,1,2,49
06-02-2019,1,2,48
07-02-2019,1,2,55
08-02-2019,1,2,30
09-02-2019,1,2,45
10-02-2019,1,2,41
11-02-2019,1,2,52
12-02-2019,1,2,46
13-02-2019,1,2,44
14-02-2019,1,2,44
15-02-2019,1,2,33
16-02-2019,1,2,39
17-02-2019,1,2,45
18-02-2019,1,2,56
19-02-2019,1,2,46
20-02-2019,1,2,43
21-02-2019,1,2,49
22-02-2019,1,2,41
23-02-2019,1,2,44
24-02-2019,1,2,28
25-02-2019,1,2,48
26-02-2019,1,2,41
27-02-2019,1,2,43
28-02-2019,1,2,41
01-03-2019,1,2,35
01-03-2019,1,2,57
02-03-2019,1,2,45
03-03-2019,1,2,58
04-03-2019,1,2,61
05-03-2019,1,2,71
06-03-2019,1,2,66
07-03-2019,1,2,44
08-03-2019,1,2,35
09-03-2019,1,2,54
10-03-2019,1,2,42
11-03-2019,1,2,44
12-03-2019,1,2,61
13-03-2019,1,2,59
14-03-2019,1,2,43
15-03-2019,1,2,44
16-03-2019,1,2,46
17-03-2019,1,2,54
18-03-2019,1,2,62
19-03-2019,1,2,53
20-03-2019,1,2,63
21-03-2019,1,2,39
22-03-2019,1,2,52
23-03-2019,1,2,49
24-03-2019,1,2,54
25-03-2019,1,2,61
26-03-2019,1,2,53
27-03-2019,1,2,66
28-03-2019,1,2,39
29-03-2019,1,2,47
30-03-2019,1,2,49
31-03-2019,1,2,57
01-04-2019,1,2,73
02-04-2019,1,2,58
03-04-2019,1,2,85
04-04-2019,1,2,48
05-04-2019,1,2,52
06-04-2019,1,2,67
07-04-2019,1,2,54
08-04-2019,1,2,71
09-04-2019,1,2,68
10-04-2019,1,2,74
11-04-2019,1,2,36
12-04-2019,1,2,55
13-04-2019,1,2,56
14-04-2019,1,2,71
15-04-2019,1,2,60
16-04-2019,1,2,66
17-04-2019,1,2,60
18-04-2019,1,2,45
19-04-2019,1,2,50
20-04-2019,1,2,57
21-04-2019,1,2,60
22-04-2019,1,2,65
23-04-2019,1,2,71
24-04-2019,1,2,56
25-04-2019,1,2,36
26-04-2019,1,2,59
27-04-2019,1,2,62
28-04-2019,1,2,59
29-04-2019,1,2,52
30-04-2019,1,2,65
01-05-2019,1,2,87
02-05-2019,1,2,54
03-05-2019,1,2,67
04-05-2019,1,2,57
05-05-2019,1,2,50
06-05-2019,1,2,85
07-05-2019,1,2,82
08-05-2019,1,2,64
09-05-2019,1,2,49
10-05-2019,1,2,58
11-05-2019,1,2,71
12-05-2019,1,2,68
13-05-2019,1,2,61
14-05-2019,1,2,74
15-05-2019,1,2,65
16-05-2019,1,2,50
17-05-2019,1,2,61
18-05-2019,1,2,51
19-05-2019,1,2,69
20-05-2019,1,2,78
21-05-2019,1,2,65
22-05-2019,1,2,76
23-05-2019,1,2,50
24-05-2019,1,2,62
25-05-2019,1,2,54
26-05-2019,1,2,65
27-05-2019,1,2,60
28-05-2019,1,2,81
29-05-2019,1,2,79
30-05-2019,1,2,48
31-05-2019,1,2,62
01-06-2019,1,2,68
02-06-2019,1,2,60
03-06-2019,1,2,77
04-06-2019,1,2,103
05-06-2019,1,2,66
06-06-2019,1,2,52
07-06-2019,1,2,63
08-06-2019,1,2,61
09-06-2019,1,2,62
10-06-2019,1,2,51
11-06-2019,1,2,84
12-06-2019,1,2,77
13-06-2019,1,2,51
14-06-2019,1,2,70
15-06-2019,1,2,56
16-06-2019,1,2,61
17-06-2019,1,2,71
18-06-2019,1,2,97
19-06-2019,1,2,96
20-06-2019,1,2,54
21-06-2019,1,2,62
22-06-2019,1,2,69
23-06-2019,1,2,80
24-06-2019,1,2,66
25-06-2019,1,2,82
26-06-2019,1,2,70
27-06-2019,1,2,57
28-06-2019,1,2,60
29-06-2019,1,2,65
30-06-2019,1,2,71
01-07-2019,1,2,85
02-07-2019,1,2,95
03-07-2019,1,2,90
04-07-2019,1,2,63
05-07-2019,1,2,74
06-07-2019,1,2,75
07-07-2019,1,2,82
08-07-2019,1,2,90
09-07-2019,1,2,74
10-07-2019,1,2,89
11-07-2019,1,2,61
12-07-2019,1,2,75
13-07-2019,1,2,61
14-07-2019,1,2,79
15-07-2019,1,2,66
16-07-2019,1,2,84
17-07-2019,1,2,104
18-07-2019,1,2,74
19-07-2019,1,2,59
20-07-2019,1,2,63
21-07-2019,1,2,74
22-07-2019,1,2,75
23-07-2019,1,2,79
24-07-2019,1,2,80
25-07-2019,1,2,62
26-07-2019,1,2,66
27-07-2019,1,2,70
28-07-2019,1,2,71
29-07-2019,1,2,84
30-07-2019,1,2,89
31-07-2019,1,2,94
01-08-2019,1,2,60
02-08-2019,1,2,53
03-08-2019,1,2,58
04-08-2019,1,2,56
05-08-2019,1,2,61
06-08-2019,1,2,65
07-08-2019,1,2,84
08-08-2019,1,2,48
09-08-2019,1,2,65
10-08-2019,1,2,55
11-08-2019,1,2,64
12-08-2019,1,2,76
13-08-2019,1,2,65
14-08-2019,1,2,100
15-08-2019,1,2,55
16-08-2019,1,2,52
17-08-2019,1,2,57
18-08-2019,1,2,67
19-08-2019,1,2,60
20-08-2019,1,2,66
21-08-2019,1,2,88
22-08-2019,1,2,47
23-08-2019,1,2,58
24-08-2019,1,2,71
25-08-2019,1,2,60
26-08-2019,1,2,82
27-08-2019,1,2,81
28-08-2019,1,2,89
29-08-2019,1,2,60
30-08-2019,1,2,50
31-08-2019,1,2,63
01-09-2019,1,2,53
02-09-2019,1,2,74
03-09-2019,1,2,84
04-09-2019,1,2,77
05-09-2019,1,2,47
06-09-2019,1,2,55
07-09-2019,1,2,59
08-09-2019,1,2,56
09-09-2019,1,2,51
10-09-2019,1,2,59
11-09-2019,1,2,62
12-09-2019,1,2,46
13-09-2019,1,2,51
14-09-2019,1,2,67
15-09-2019,1,2,52
16-09-2019,1,2,47
17-09-2019,1,2,66
18-09-2019,1,2,71
19-09-2019,1,2,52
20-09-2019,1,2,52
21-09-2019,1,2,64
22-09-2019,1,2,56
23-09-2019,1,2,60
24-09-2019,1,2,76
25-09-2019,1,2,91
26-09-2019,1,2,51
27-09-2019,1,2,45
28-09-2019,1,2,57
29-09-2019,1,2,59
30-09-2019,1,2,67
01-10-2019,1,2,69
02-10-2019,1,2,64
03-10-2019,1,2,39
04-10-2019,1,2,51
05-10-2019,1,2,56
06-10-2019,1,2,61
07-10-2019,1,2,56
08-10-2019,1,2,70
09-10-2019,1,2,66
10-10-2019,1,2,51
11-10-2019,1,2,54
12-10-2019,1,2,51
13-10-2019,1,2,67
14-10-2019,1,2,80
15-10-2019,1,2,62
16-10-2019,1,2,66
17-10-2019,1,2,46
18-10-2019,1,2,50
19-10-2019,1,2,59
20-10-2019,1,2,62
21-10-2019,1,2,51
22-10-2019,1,2,70
23-10-2019,1,2,69
24-10-2019,1,2,49
25-10-2019,1,2,58
26-10-2019,1,2,49
27-10-2019,1,2,52
28-10-2019,1,2,67
29-10-2019,1,2,59
30-10-2019,1,2,58
31-10-2019,1,2,44
01-11-2019,1,2,50
02-11-2019,1,2,67
03-11-2019,1,2,55
04-11-2019,1,2,79
05-11-2019,1,2,57
06-11-2019,1,2,66
07-11-2019,1,2,43
08-11-2019,1,2,54
09-11-2019,1,2,68
10-11-2019,1,2,76
11-11-2019,1,2,69
12-11-2019,1,2,64
13-11-2019,1,2,76
14-11-2019,1,2,49
15-11-2019,1,2,57
16-11-2019,1,2,50
17-11-2019,1,2,53
18-11-2019,1,2,61
19-11-2019,1,2,72
20-11-2019,1,2,79
21-11-2019,1,2,47
22-11-2019,1,2,49
23-11-2019,1,2,50
24-11-2019,1,2,49
25-11-2019,1,2,58
26-11-2019,1,2,62
27-11-2019,1,2,78
28-11-2019,1,2,50
29-11-2019,1,2,49
30-11-2019,1,2,52
01-12-2019,1,2,43
02-12-2019,1,2,44
03-12-2019,1,2,40
04-12-2019,1,2,51
05-12-2019,1,2,29
06-12-2019,1,2,45
07-12-2019,1,2,39
08-12-2019,1,2,35
09-12-2019,1,2,41
10-12-2019,1,2,47
11-12-2019,1,2,53
12-12-2019,1,2,36
13-12-2019,1,2,45
14-12-2019,1,2,41
15-12-2019,1,2,52
16-12-2019,1,2,42
17-12-2019,1,2,55
18-12-2019,1,2,40
19-12-2019,1,2,33
20-12-2019,1,2,47
21-12-2019,1,2,46
22-12-2019,1,2,35
23-12-2019,1,2,64
24-12-2019,1,2,47
25-12-2019,1,2,39
26-12-2019,1,2,30
27-12-2019,1,2,41
28-12-2019,1,2,38
29-12-2019,1,2,56
30-12-2019,1,2,37
31-12-2019,1,2,47
01-01-2020,1,2,40
02-01-2020,1,2,26
03-01-2020,1,2,33
04-01-2020,1,2,41
05-01-2020,1,2,39
06-01-2020,1,2,43
07-01-2020,1,2,46
08-01-2020,1,2,58
09-01-2020,1,2,31
10-01-2020,1,2,36
11-01-2020,1,2,42
12-01-2020,1,2,39
13-01-2020,1,2,34
14-01-2020,1,2,29
15-01-2020,1,2,47
16-01-2020,1,2,21
17-01-2020,1,2,37
18-01-2020,1,2,41
19-01-2020,1,2,51
20-01-2020,1,2,48
21-01-2020,1,2,42
22-01-2020,1,2,49
23-01-2020,1,2,25
24-01-2020,1,2,44
25-01-2020,1,2,38
26-01-2020,1,2,30
27-01-2020,1,2,32
28-01-2020,1,2,48
29-01-2020,1,2,47
30-01-2020,1,2,28
31-01-2020,1,2,37
01-02-2020,1,2,34
02-02-2020,1,2,47
03-02-2020,1,2,45
04-02-2020,1,2,42
05-02-2020,1,2,38
06-02-2020,1,2,38
07-02-2020,1,2,33
08-02-2020,1,2,37
09-02-2020,1,2,39
10-02-2020,1,2,38
11-02-2020,1,2,52
12-02-2020,1,2,47
13-02-2020,1,2,45
14-02-2020,1,2,46
15-02-2020,1,2,38
16-02-2020,1,2,46
17-02-2020,1,2,59
18-02-2020,1,2,47
19-02-2020,1,2,55
20-02-2020,1,2,32
21-02-2020,1,2,26
22-02-2020,1,2,45
23-02-2020,1,2,50
24-02-2020,1,2,49
25-02-2020,1,2,46
26-02-2020,1,2,41
27-02-2020,1,2,44
28-02-2020,1,2,37
01-03-2020,1,2,48
02-03-2020,1,2,54
03-03-2020,1,2,47
04-03-2020,1,2,70
05-03-2020,1,2,57
06-03-2020,1,2,36
07-03-2020,1,2,57
08-03-2020,1,2,51
09-03-2020,1,2,43
10-03-2020,1,2,53
11-03-2020,1,2,54
12-03-2020,1,2,63
13-03-2020,1,2,52
14-03-2020,1,2,56
15-03-2020,1,2,59
16-03-2020,1,2,52
17-03-2020,1,2,52
18-03-2020,1,2,55
19-03-2020,1,2,65
20-03-2020,1,2,34
21-03-2020,1,2,47
22-03-2020,1,2,33
23-03-2020,1,2,51
24-03-2020,1,2,62
25-03-2020,1,2,55
26-03-2020,1,2,55
27-03-2020,1,2,40
28-03-2020,1,2,45
29-03-2020,1,2,45
30-03-2020,1,2,44
31-03-2020,1,2,57
01-04-2020,1,2,61
02-04-2020,1,2,66
03-04-2020,1,2,43
04-04-2020,1,2,53
05-04-2020,1,2,76
06-04-2020,1,2,62
07-04-2020,1,2,62
08-04-2020,1,2,77
09-04-2020,1,2,86
10-04-2020,1,2,52
11-04-2020,1,2,68
12-04-2020,1,2,59
13-04-2020,1,2,71
14-04-2020,1,2,78
15-04-2020,1,2,79
16-04-2020,1,2,60
17-04-2020,1,2,58
18-04-2020,1,2,51
19-04-2020,1,2,64
20-04-2020,1,2,48
21-04-2020,1,2,61
22-04-2020,1,2,71
23-04-2020,1,2,88
24-04-2020,1,2,54
25-04-2020,1,2,61
26-04-2020,1,2,59
27-04-2020,1,2,58
28-04-2020,1,2,61
29-04-2020,1,2,84
30-04-2020,1,2,80
01-05-2020,1,2,60
02-05-2020,1,2,66
03-05-2020,1,2,51
04-05-2020,1,2,63
05-05-2020,1,2,79
06-05-2020,1,2,76
07-05-2020,1,2,67
08-05-2020,1,2,64
09-05-2020,1,2,73
10-05-2020,1,2,55
11-05-2020,1,2,83
12-05-2020,1,2,82
13-05-2020,1,2,85
14-05-2020,1,2,85
15-05-2020,1,2,54
16-05-2020,1,2,61
17-05-2020,1,2,68
18-05-2020,1,2,76
19-05-2020,1,2,72
20-05-2020,1,2,89
21-05-2020,1,2,91
22-05-2020,1,2,48
23-05-2020,1,2,62
24-05-2020,1,2,73
25-05-2020,1,2,66
26-05-2020,1,2,66
27-05-2020,1,2,82
28-05-2020,1,2,48
29-05-2020,1,2,39
30-05-2020,1,2,57
31-05-2020,1,2,60
01-06-2020,1,2,83
02-06-2020,1,2,85
03-06-2020,1,2,106
04-06-2020,1,2,103
05-06-2020,1,2,54
06-06-2020,1,2,67
07-06-2020,1,2,67
08-06-2020,1,2,68
09-06-2020,1,2,75
10-06-2020,1,2,85
11-06-2020,1,2,87
12-06-2020,1,2,66
13-06-2020,1,2,79
14-06-2020,1,2,63
15-06-2020,1,2,77
16-06-2020,1,2,76
17-06-2020,1,2,82
18-06-2020,1,2,77
19-06-2020,1,2,54
20-06-2020,1,2,66
21-06-2020,1,2,56
22-06-2020,1,2,64
23-06-2020,1,2,75
24-06-2020,1,2,88
25-06-2020,1,2,101
26-06-2020,1,2,48
27-06-2020,1,2,53
28-06-2020,1,2,63
29-06-2020,1,2,64
30-06-2020,1,2,82
01-07-2020,1,2,83
02-07-2020,1,2,98
03-07-2020,1,2,52
04-07-2020,1,2,66
05-07-2020,1,2,67
06-07-2020,1,2,67
07-07-2020,1,2,80
08-07-2020,1,2,94
09-07-2020,1,2,97
10-07-2020,1,2,49
11-07-2020,1,2,65
12-07-2020,1,2,76
13-07-2020,1,2,63
14-07-2020,1,2,84
15-07-2020,1,2,86
16-07-2020,1,2,115
17-07-2020,1,2,64
18-07-2020,1,2,76
19-07-2020,1,2,81
20-07-2020,1,2,76
21-07-2020,1,2,81
22-07-2020,1,2,94
23-07-2020,1,2,89
24-07-2020,1,2,53
25-07-2020,1,2,70
26-07-2020,1,2,67
27-07-2020,1,2,73
28-07-2020,1,2,73
29-07-2020,1,2,86
30-07-2020,1,2,86
31-07-2020,1,2,59
01-08-2020,1,2,58
02-08-2020,1,2,59
03-08-2020,1,2,72
04-08-2020,1,2,77
05-08-2020,1,2,65
06-08-2020,1,2,89
07-08-2020,1,2,54
08-08-2020,1,2,81
09-08-2020,1,2,58
10-08-2020,1,2,72
11-08-2020,1,2,74
12-08-2020,1,2,67
13-08-2020,1,2,78
14-08-2020,1,2,50
15-08-2020,1,2,59
16-08-2020,1,2,48
17-08-2020,1,2,64
18-08-2020,1,2,70
19-08-2020,1,2,78
20-08-2020,1,2,90
21-08-2020,1,2,46
22-08-2020,1,2,62
23-08-2020,1,2,65
24-08-2020,1,2,69
25-08-2020,1,2,91
26-08-2020,1,2,70
27-08-2020,1,2,94
28-08-2020,1,2,55
29-08-2020,1,2,42
30-08-2020,1,2,77
31-08-2020,1,2,55
01-09-2020,1,2,67
02-09-2020,1,2,78
03-09-2020,1,2,87
04-09-2020,1,2,51
05-09-2020,1,2,54
06-09-2020,1,2,69
07-09-2020,1,2,59
08-09-2020,1,2,65
09-09-2020,1,2,71
10-09-2020,1,2,64
11-09-2020,1,2,44
12-09-2020,1,2,58
13-09-2020,1,2,57
14-09-2020,1,2,71
15-09-2020,1,2,60
16-09-2020,1,2,75
17-09-2020,1,2,58
18-09-2020,1,2,47
19-09-2020,1,2,66
20-09-2020,1,2,61
21-09-2020,1,2,66
22-09-2020,1,2,70
23-09-2020,1,2,85
24-09-2020,1,2,73
25-09-2020,1,2,49
26-09-2020,1,2,61
27-09-2020,1,2,57
28-09-2020,1,2,55
29-09-2020,1,2,66
30-09-2020,1,2,79
01-10-2020,1,2,60
02-10-2020,1,2,56
03-10-2020,1,2,55
04-10-2020,1,2,55
05-10-2020,1,2,59
06-10-2020,1,2,54
07-10-2020,1,2,61
08-10-2020,1,2,60
09-10-2020,1,2,46
10-10-2020,1,2,52
11-10-2020,1,2,55
12-10-2020,1,2,48
13-10-2020,1,2,53
14-10-2020,1,2,64
15-10-2020,1,2,64
16-10-2020,1,2,44
17-10-2020,1,2,47
18-10-2020,1,2,70
19-10-2020,1,2,45
20-10-2020,1,2,51
21-10-2020,1,2,70
22-10-2020,1,2,61
23-10-2020,1,2,45
24-10-2020,1,2,56
25-10-2020,1,2,66
26-10-2020,1,2,44
27-10-2020,1,2,66
28-10-2020,1,2,61
29-10-2020,1,2,77
30-10-2020,1,2,53
31-10-2020,1,2,50
01-11-2020,1,2,63
02-11-2020,1,2,67
03-11-2020,1,2,75
04-11-2020,1,2,68
05-11-2020,1,2,74
06-11-2020,1,2,69
07-11-2020,1,2,68
08-11-2020,1,2,58
09-11-2020,1,2,62
10-11-2020,1,2,58
11-11-2020,1,2,69
12-11-2020,1,2,76
13-11-2020,1,2,61
14-11-2020,1,2,57
15-11-2020,1,2,55
16-11-2020,1,2,53
17-11-2020,1,2,75
18-11-2020,1,2,78
19-11-2020,1,2,73
20-11-2020,1,2,54
21-11-2020,1,2,55
22-11-2020,1,2,51
23-11-2020,1,2,73
24-11-2020,1,2,68
25-11-2020,1,2,63
26-11-2020,1,2,78
27-11-2020,1,2,58
28-11-2020,1,2,57
29-11-2020,1,2,66
30-11-2020,1,2,80
01-12-2020,1,2,56
02-12-2020,1,2,64
03-12-2020,1,2,59
04-12-2020,1,2,33
05-12-2020,1,2,45
06-12-2020,1,2,50
07-12-2020,1,2,47
08-12-2020,1,2,44
09-12-2020,1,2,50
10-12-2020,1,2,50
11-12-2020,1,2,43
12-12-2020,1,2,37
13-12-2020,1,2,50
14-12-2020,1,2,42
15-12-2020,1,2,52
16-12-2020,1,2,48
17-12-2020,1,2,55
18-12-2020,1,2,37
19-12-2020,1,2,41
20-12-2020,1,2,35
21-12-2020,1,2,39
22-12-2020,1,2,41
23-12-2020,1,2,52
24-12-2020,1,2,47
25-12-2020,1,2,37
26-12-2020,1,2,43
27-12-2020,1,2,55
28-12-2020,1,2,50
29-12-2020,1,2,50
30-12-2020,1,2,56
31-12-2020,1,2,67
